{
  "dashboard_info": {
    "title": "Apontamentos Integrace Maio",
    "date": "21/05/2025",
    "last_update": "21/05/2025 às 10:35"
  },
  "companies": {
    "executing_company": "Zyra Tecnologia",
    "contracting_company": "Integrance Contabilidade e Finanças"
  },
  "entries": [
    {
      "empresa": "Integrace",
      "responsavel": "Thiago",
      "solicitante": "Millena",
      "atividade": "Correção de importação de XML",
      "data": "05/05/2025",
      "tempo_gasto": "1:20",
      "descritivo": "Ajustamos as rotinas de importação do XML do documento de entrada da filial 2301, corrigindo divergências no layout que impediam o processamento. A solução foi validada em teste e aplicada com sucesso em produção."
    },
    {
      "empresa": "Integrace",
      "responsavel": "Thiago",
      "solicitante": "Maiara Toledo",
      "atividade": "Revisão de IRRF e CSLL",
      "data": "03/05/2025",
      "tempo_gasto": "0:40",
      "descritivo": "Revisamos e corrigimos os cadastros de cliente, produto e natureza financeira, executamos testes de conferência e validamos os novos parâmetros de cálculo de IRRF e CSLL."
    },
    {
      "empresa": "Integrace",
      "responsavel": "Thiago",
      "solicitante": "Maiara Toledo",
      "atividade": "Ajuste de layout no NF Espelho",
      "data": "06/05/2025",
      "tempo_gasto": "1:30",
      "descritivo": "Adequamos o mapeamento do XML após mudança de layout, criando nova tag e habilitando a importação para a filial 2402. Testes concluídos sem inconformidades."
    },
    {
      "empresa": "Integrace",
      "responsavel": "Thiago",
      "solicitante": "Maiara Toledo",
      "atividade": "Correção de variável na importação de XML",
      "data": "07/05/2025",
      "tempo_gasto": "1:30",
      "descritivo": "Identificamos e corrigimos variável com tipo incorreto na rotina de importação de documento de entrada, restabelecendo o processamento automático sem falhas."
    },
    {
      "empresa": "Integrace",
      "responsavel": "Thiago",
      "solicitante": "Maiara Toledo",
      "atividade": "Correção de salvamento de NF",
      "data": "07/05/2025",
      "tempo_gasto": "0:50",
      "descritivo": "Detectamos inconsistência no compartilhamento das tabelas de natureza entre as filiais 2401 e 2402. Ajustamos o relacionamento e validamos o salvamento correto da nota."
    },
    {
      "empresa": "Integrace",
      "responsavel": "Thiago",
      "solicitante": "Millena",
      "atividade": "Suporte contábil",
      "data": "08/05/2025",
      "tempo_gasto": "0:35",
      "descritivo": "Esclarecemos dúvidas e conferimos lançamentos contábeis, assegurando conformidade com as diretrizes fiscais."
    },
    {
      "empresa": "Integrance",
      "responsavel": "Washington",
      "solicitante": "Maiara",
      "atividade": "Cancelamento de nota fiscal",
      "data": "09/05/2025",
      "tempo_gasto": "0:40",
      "descritivo": "Ajustamos configuração de cancelamento de notas na filial 2402 e excluímos duas notas que não haviam sido transmitidas ao SEFAZ."
    },
    {
      "empresa": "Integrance",
      "responsavel": "Washington",
      "solicitante": "Aline",
      "atividade": "Acesso ao Protheus",
      "data": "02/05/2025",
      "tempo_gasto": "0:15",
      "descritivo": "Usuária relatou dificuldade de acesso ao sistema. Testamos e orientamos troca para conexão 4G/5G, identificando instabilidade na rede local."
    },
    {
      "empresa": "Integrance",
      "responsavel": "Washington",
      "solicitante": "Ana Claudia / Maiara",
      "atividade": "Dúvidas sobre cadastro de TES",
      "data": "05/05/2025",
      "tempo_gasto": "0:20",
      "descritivo": "Fornecemos orientação passo a passo para criação e configuração de TES, incluindo cálculos de PIS e COFINS."
    },
    {
      "empresa": "Integrance",
      "responsavel": "Washington",
      "solicitante": "Bruna",
      "atividade": "Erro na baixa financeira (contabilização)",
      "data": "06/05/2025",
      "tempo_gasto": "0:40",
      "descritivo": "Corrigimos trecho do código-fonte que ocasionava falha durante a contabilização de baixa financeira, restaurando o fluxo normal."
    },
    {
      "empresa": "Integrance",
      "responsavel": "Washington",
      "solicitante": "Aline Glaicon",
      "atividade": "Ajuste de contabilização de NF / baixa financeira",
      "data": "07/05/2025",
      "tempo_gasto": "1:00",
      "descritivo": "Refinamos a regra de contabilização para descontar corretamente o valor dos juros de IR em títulos pagos com atraso."
    },
    {
      "empresa": "Integrace",
      "responsavel": "Thiago",
      "solicitante": "Maiara Toledo",
      "atividade": "Suporte na emissão de NF espelho",
      "data": "12/05/2025",
      "tempo_gasto": "1:20",
      "descritivo": "Auxiliamos na importação do espelho de NF e solucionamos erro de transmissão ao SEFAZ causado pela data de desembaraço aduaneiro."
    },
    {
      "empresa": "Integrace",
      "responsavel": "Thiago",
      "solicitante": "Millena",
      "atividade": "Ajuste de SFT de serviços",
      "data": "13/05/2025",
      "tempo_gasto": "1:25",
      "descritivo": "Realizamos reunião para ajustar TES de serviços e reprocessar notas, garantindo contabilização correta nos livros fiscais."
    },
    {
      "empresa": "Integrace",
      "responsavel": "Thiago",
      "solicitante": "Maiara Toledo",
      "atividade": "Correção de PIS e COFINS",
      "data": "14/05/2025",
      "tempo_gasto": "1:10",
      "descritivo": "Analisamos nota com divergência na base de cálculo de PIS e COFINS. Identificamos redução indevida na base de produto e corrigimos cadastro para seguir padrão “valor total menos ICMS”."
    },
    {
      "empresa": "Integrance",
      "responsavel": "Washington",
      "solicitante": "Bruna / Daniela",
      "atividade": "Retenção de PIS/COFINS/CSLL na baixa de títulos",
      "data": "14/05/2025",
      "tempo_gasto": "3:00",
      "descritivo": "Inserimos manualmente no sistema os títulos de PIS, COFINS e CSLL para cada nota e ajustamos valores retidos do título principal."
    },
    {
      "empresa": "Integrance",
      "responsavel": "Washington",
      "solicitante": "Maria Isabela",
      "atividade": "Título não aparece no conciliador manual",
      "data": "16/05/2025",
      "tempo_gasto": "0:30",
      "descritivo": "Após testes, o título apareceu normalmente. Enviei print dos parâmetros filtrados e orientei a usuária a validar a data de digitação, que estava diferente da data de movimentação."
    },
    {
      "empresa": "Integrance",
      "responsavel": "Washington",
      "solicitante": "Maiara Toledo",
      "atividade": "Base de PIS/COFINS sem custo de frete",
      "data": "16/05/2025",
      "tempo_gasto": "0:15",
      "descritivo": "Orientei revisão do cadastro da TES para incluir corretamente o custo do frete na base de PIS e COFINS."
    },
    {
      "empresa": "Integrace",
      "responsavel": "Thiago",
      "solicitante": "Maiara Toledo",
      "atividade": "Ajuste de tag na importação de NFS",
      "data": "19/05/2025",
      "tempo_gasto": "0:40",
      "descritivo": "Ajustamos a lógica de captura do número do endereço do cliente. Agora, se o número não estiver presente no XML, é inserido valor padrão automaticamente."
    },
    {
      "empresa": "Integrance",
      "responsavel": "Washington",
      "solicitante": "Milena",
      "atividade": "Configuração da nova filial EOS IT",
      "data": "20/05/2025",
      "tempo_gasto": "1:00",
      "descritivo": "Cadastramos a nova filial no sistema e configuramos todos os parâmetros iniciais necessários."
    },
    {
      "empresa": "Integrance",
      "responsavel": "Washington",
      "solicitante": "Maiara Toledo",
      "atividade": "Retenção de ISS na baixa do título",
      "data": "20/05/2025",
      "tempo_gasto": "0:30",
      "descritivo": "Durante a revisão do cadastro da TES, identificamos que o cliente estava indevidamente classificado como revendedor, quando na realidade deveria estar configurado como consumidor final. Essa divergência na parametrização impactava diretamente o cálculo dos impostos, especificamente a retenção de ISS, que não estava sendo considerada corretamente. Após realizarmos o ajuste no cadastro, a regra fiscal foi aplicada de forma correta, e a retenção de ISS passou a ser calculada conforme as exigências fiscais vigentes."
    },
    {
      "empresa": "Integrance",
      "responsavel": "Washington",
      "solicitante": "Maiara Toledo",
      "atividade": "Emissão de relatório de faturamento",
      "data": "20/05/2025",
      "tempo_gasto": "0:20",
      "descritivo": "Forneci orientações para emissão do relatório de vendas. Ao não obter dados, conectei-me remotamente, ajustei filtros e concluí a geração com sucesso."
    },
    {
      "empresa": "Integrance",
      "responsavel": "Washington",
      "solicitante": "Aline Glaicon",
      "atividade": "Correção de saldo em relatório de títulos a receber",
      "data": "20/05/2025",
      "tempo_gasto": "0:30",
      "descritivo": "Em call, analisamos parâmetros do relatório e reconfiguramos filtros para evitar retroação de saldos. Verificamos o correto cálculo do saldo do título."
    }
  ]
}
